Id,Title,Submitter,Accepted track,Content
29,Klasyfikacja danych za pomocą maszyn wektorów nośnych i ich odmian,Jakub Dyrcz,P,"Plakat przedstawia zarówno podstawy teoretyczne maszyny wektorów nośnych (Support Vector Machine, SVM), jak i odnośnik do praktycznego zastosowania. Zaprezentowane zostanie pojęcie klasyfikacji i ogólna idea SVM. Pokażemy związek SVM z przestrzeniami Hilberta z jądrem reprodukującym. Porównamy, pod względem zastosowań najpopularniejsze (liniowe, wielomianowe, gaussowskie). Pojawi się kilka słów na temat metody najmniejszych kwadratów (prawdopodobnie najpopularniejszej opcji regresji) i związku z SVM. Następnie zaprezentowany zostanie klasyfikacja obejmująca więcej niż dwóch klas (Multiclass SVM). Na samym końcu znajdzie się odnośnik do przykładu prezentującego praktyczne zastosowanie Multiclass SVM."
13,Model q-SIRQD: Jak opinie społeczne zmieniają przebieg epidemii?,Rai Ciszewska,P,"Modelowanie rozprzestrzeniania się epidemii w sieciach wielokrotnych, z uwzględnieniem złożonych zachowań ludzkich, jest bardzo ciekawym zjawiskiem, które można opisać modelem matematycznym zaproponowanym przez Anne Chmiel i Roberta Jankowskiego. W niniejszym posterze zbadamy wzajemne oddziaływanie między rozprzestrzenianiem się epidemii a dynamiką opinii. Wykorzystamy model SIRQD do opisania rozprzestrzeniania się epidemii. Dodatkowo sprawdzimy jak postawa agenta, wobec przestrzegania ograniczeń związanych z epidemią, wpływa na jej przebieg. Opinia agenta może ulec zmianie pod wpływem presji społecznej, konformizmu, sytuacji życiowych lub niezależnych działań. Jako podstawowy model opinii wykorzystujemy model q-voter. Cały system stanowi złożony model opinii i dynamiki, w którym zachodzą dwa odrębne procesy."
22,Fraktale i wymiar Hausdorffa - geometria nieskończonej złożoności,Aleksandra Bereźnicka,P,"Fraktale stanowią jedno z najbardziej intrygujących pojęć współczesnej matematyki, łącząc w sobie precyzję nauki i estetykę natury. Ich istotą jest samopodobieństwo – powtarzalność wzorców w różnych skalach – oraz niecałkowity wymiar geometryczny, który pozwala opisywać zjawiska niemożliwe do uchwycenia klasyczną geometrią euklidesową.
Celem niniejszego plakatu jest ukazanie fraktali jako uniwersalnego języka opisu złożoności i porządku ukrytego w pozornym chaosie. Przedstawione zostały podstawowe przykłady fraktali matematycznych – zbiór Cantora, krzywa Kocha i dywan Sierpińskiego wraz z ich kluczowymi własnościami.
W dalszej części omówione zostało występowanie struktur fraktalnych w przyrodzie – od rozgałęzień drzew i układów naczyniowych, po kształt chmur, gór i linii brzegowych – gdzie fraktalność okazuje się najbardziej efektywnym sposobem organizacji przestrzeni. Wskazane są także współczesne zastosowania fraktali w nauce, medycynie, grafice komputerowej i ekonomii, w których pozwalają one modelować i analizować złożone systemy dynamiczne.
Fraktale pokazują, że świat wokół nas nie jest idealnie gładki ani przypadkowy – jest strukturalnie złożony, a zarazem głęboko uporządkowany. Ich badanie odsłania granice między chaosem a harmonią, ujawniając, że matematyka może być nie tylko narzędziem opisu, lecz także źródłem piękna i inspiracji."
58,Matematyczne osobowości - przeróżne liczby i ich własności,Małgorzata Kierzek,P,"Teoria liczb jest jedną z bardziej znanych dziedzin matematyki i nawet osoby nie-matematyczne zdają sobie sprawę z tego, jaka mnogość różnych typów liczb istnieje. Przykładowo o liczbach pierwszych można usłyszeć już w szkole - za to my zajmiemy się przybliżeniem tych mniej znanych, na które mogliście nie trafić podczas całego toku nauczania."
14,Liczby Fibonacciego które są potęgami.,Anna Prucnal,T,"Celem wykładu jest znalezienie wszystkich liczb Fibonacciego, które są potęgami liczb całkowitych. By uzyskać wynik, zostaną wykorzystane narzędzia z teorii liniowych form logarytmów Bakera, mające swoje źródła w rozwiązaniu siódmego problemu Hilberta.
W prelekcji zostaną najpierw przedstawione podstawy teorii liniowych form logarytmów Bakera oraz kluczowe oszacowania, pozwalające nam ograniczyć zbiór rozwiązań różnych równań diofantycznych do zbioru skończonego. Następnie będzie omawiane zagadnienie rozwiązań równań Thuego, czyli równań postaci F(x,y)=m, gdzie F jest wielomianem nierozkładalnym stopnia co najmniej 3 o współczynnikach całkowitych, zaś m jest liczbą całkowitą. Po zapoznaniu słuchaczy z wyżej wymienionymi metodami, zostanie przedstawiony dowód, że jedyne liczby Fibonacciego, które są potęgami (co najmniej drugimi) liczb całkowitych, to F_0=0, F_1=1, F_2=1, F_6=8 oraz F_12=144."
15,Dowód przez rzut makaronem,Tymon Świtalski,T,"W trakcie referatu zostanie pokazane uogólnienie problemu igły Buffona i jego zastosowanie do nietypowego, probabilistycznego dowodu twierdzenia Barbiera w geometrii."
16,Podróż na Księżyc za pomocą funkcji wykładniczej...,Weronika Tokarz,P,"Poster „Podróż na Księżyc za pomocą funkcji wykładniczej” mówi o  zastosowaniu funkcji wykładniczej w kontekście problemu składania kartki papieru. Inspiracją stały się badania Britney Gallivan, która opracowała wzory opisujące zależność pomiędzy liczbą złożeń a długością i grubością papieru. Autorzy udowadniają, że funkcja wykładnicza doskonale opisuje, jak szybko rośnie grubość papieru już po kilkudziesięciu złożeniach. Obliczenia pokazują, iż aby osiągnąć wysokość Mount Everestu, potrzeba około 26 złożeń, a by dotrzeć do Księżyca — aż 42. Plakat łączy w sobie elementy matematyki, fizyki i ciekawostek naukowych, podkreślając zastosowanie funkcji wykładniczej w opisie zjawisk rosnących w tempie wykładniczym oraz ograniczenia praktyczne wynikające z rzeczywistych właściwości materiałów."
19,Mitochondrialna Ewa. Czy wszyscy mamy jednego przodka?,Joanna Rudnicka,P,"Czy cała populacja ma tylko jednego przodka? Na to pytanie pomoże nam odpowiedzieć teoria koalescencji, która zajmuje się badaniem pokrewieństwa w danej grupie. W posterze rozważymy prosty model. Wykorzystamy łańcuchy Markowa oraz liczby Sterlinga II rodzaju, które zdefiniujemy i krótko omówimy. Wyznaczymy liczbę przodków danej populacji w kolejnych pokoleniach wstecz oraz czas jaki potrzebujemy do dojścia do wspólnego przodka."
56,"Spotkanie różniczkowalności i mnogości, czyli wszystkie drogi prowadzą do hipotezy continuum.",Marta Kryger,P,"Na plakacie zajmuję się pytaniem: czy istnieje funkcja przekształcająca prostą rzeczywistą na płaszczyznę tak, że w każdym punkcie co najmniej jedna z jej współrzędnych jest różniczkowalna?
Problem ten, choć sformułowany w języku analizy matematycznej, prowadzi poza jej granice — do fundamentów całej matematyki opartej na aksjomatach teorii mnogości. Okazuje się bowiem, że istnienie takiej funkcji jest równoważne słynnej hipotezie continuum Georga Cantora."
24,Funkcje Cyklometryczne,Izabela Przytuła,T,"definicje funkjci arcsinx, arccosx, arctgx, arctgx
zależności między funkcjami, pochodne oraz całki funkcji
wykresy funkcji"
86,test,Maria Nowacka,S,test
44,Jakie powierzchnie można faktycznie  zaczesać?,Patryk Topór,T,"Klasyczny problem „zaczesania sfery” (ang. *hairy ball theorem*) pyta, czy na sferze można niezerowo i ciągle ustawić wektor w każdym punkcie – czyli, w przenośni, „zaczesać sferę” bez powstawania wirów. Twierdzenie o zaczesaniu sfery, sformułowane i udowodnione przez Henriego Poincarégo oraz Luitzena Egberta Brouwera, głosi, że **na sferze o parzystym wymiarze (w szczególności na sferze  $S^{2}$) nie istnieje ciągłe, wszędzie niezerowe pole styczne**. Innymi słowy, każda próba „zaczesania” sfery musi zakończyć się powstaniem co najmniej jednego punktu, w którym „włosy” stoją pionowo — czyli pole się zeruje.

W referacie przedstawimy uogólnienia tego klasycznego wyniku na **inne powierzchnie**, zarówno **orientowalne**, jak i **nieorientowalne**, oraz rozważymy przypadki **powierzchni z brzegiem**. Odpowiemy na pytanie, **dla których powierzchni istnieje ciągłe, wszędzie niezerowe pole styczne**, czyli które powierzchnie „można faktycznie zaczesać”.

W tym celu wykorzystamy narzędzia topologiczne, w szczególności **charakterystykę Eulera**, która odgrywa kluczową rolę w kryterium istnienia niezerowych pól stycznych. Wskażemy, w których przypadkach „zaczesanie” jest możliwe, a w których — nieuchronnie powstają wiry."
30,Jak krzywe eliptyczne chronią twoje dane?,Jan Kocierz,S,"Kryptografia krzywych eliptycznych (ECC) stanowi jeden z filarów nowoczesnych systemów zabezpieczających dane. Jej kluczowa rola w dzisiejszej informatyce wynika ze zdolności do zapewnienia tego samego poziomu bezpieczeństwa co w przypadku klasycznych systemów (np. opartych na problemie faktoryzacji) przy użyciu znacznie krótszych, a tym samym wydajniejszych obliczeniowo kluczy. Jest ona niezbędnym narzędziem w protokołach bezpiecznej komunikacji (np. TLS), podpisach cyfrowych czy kryptowalutach.

Celem referatu jest omówienie –- od strony matematycznej -– definicji i podstawowych własności krzywych eliptycznych, przybliżenie pojęć związanych z bezpieczeństwem protokołów kryptograficznych bazujących na tych krzywych, a wreszcie przedstawienie działania i zastosowań protokołu wymiany kluczy ECDH (Elliptic Curve Diffie-Hellman). 

W części pierwszej zaprezentujemy klasyczny protokół Diffiego-Hellmana, wyjaśnimy, na czym polega problem logarytmu dyskretnego, oraz wskażemy motywację do poszukiwania rozwiązań wydajniejszych niż ten protokół. Następnie zajmiemy się podstawami matematycznymi -- od definicji krzywej eliptycznej nad ciałem liczb rzeczywistych po kluczową dla kryptografii grupę punktów na krzywej eliptycznej nad ciałem skończonym. Zaprezentujemy również implementację edukacyjną, która zwizualizuje dodawanie punktów. W dalszej części referatu omówimy problem logarytmu dyskretnego na krzywych eliptycznych, sklasyfikujemy ataki na systemy kryptograficzne oparte na ECC i sformułujemy kryteria bezpieczeństwa dla takich systemów. Przedstawimy ponadto działanie protokołu ECDH i zaprezentujemy pewne standardowe krzywe stosowane powszechnie do ochrony danych. Na koniec zademonstrujemy implementację realizującą protokół ECDH przy użyciu nowoczesnej biblioteki cryptography. Dzięki temu będziemy mogli zestawić teorię z jej praktycznymi zastosowaniami."
59,Konstrukcja grupy Spin,Mateusz Czosnek,P,"Celem niniejszego plakatu jest przedstawienie standardowego sposobu konstrukcji podwójnego nakrycia grup $SO(n)$. Opisane zostaną: iloczyn tensorowy przestrzeni wektorowych, algebry Clifforda form kwadratowych, wraz z konstrukcją i elementarnymi własnościami, definicja grupy $Spin(n)$ oraz nieformalna konstrukcja nakrycia $\lambda: Spin(n) \rightarrow SO(n)$."
12,"Albo szybko, albo dokładnie. Opowieść o algorytmach aproksymacyjnych",Jakub Sokołowski,S,"W matematyce oraz informatyce bada się różne rodzaje problemów optymalizacyjnych. Dla wielu z nich udało się opracować efektywne algorytmy, które zawsze pozwalają znaleźć optymalne rozwiązanie. Są jednak i takie, dla których nie znamy algorytmów o zadowalającym czasie działania. Co więcej, mamy poważne powody, żeby przypuszczać, że dla niektórych problemów takie algorytmy w ogóle nie istnieją. Na szczęście okazuje się, że nawet w przypadku bardzo trudnych obliczeniowo problemów nie wszystko jest stracone. Mogą bowiem istnieć dla nich szybkie algorytmy, które zawsze dają rozwiązanie w pewnym określonym sensie bliskie optymalnemu. Są to tak zwane algorytmy aproksymacyjne. W moim referacie chciałbym opowiedzieć o tej fascynującej dziedzinie algorytmiki. Przyjrzymy kilku klasycznym problemom optymalizacji dyskretnej, takim jak problem plecakowy, problem komiwojażera czy problem pokrycia wierzchołkowego. Zastanowimy się, dla których z nich istnieją algorytmy aproksymacyjne, przeanalizujemy ich działanie oraz udowodnimy ich poprawność. Przekonamy się, że są problemy, które można aproksymować z dowolną dokładnością, oraz takie, dla których prawdopodobnie wcale nie jest to możliwe. Przy okazji zetkniemy się z tym, co algorytmicy lubią najbardziej – analizą algorytmów, teorią grafów i złożonością obliczeniową."
25,"Zjawisko Rungego, czyli o tym jak matematyka wygrywa z intuicją.",Klaudia Jaszczerska,T,"Zjawisko Rungego stanowi jedno z najbardziej intrygujących przykładów sytuacji, w której matematyczna rzeczywistość przeczy naszej intuicji. Dotyczy ono interpolacji wielomianowej - procesu, który powinien przybliżać dowolną funkcję wielomianem coraz lepiej wraz ze wzrostem liczby punktów (węzłów). Jednak wbrew oczekiwaniom, dla pewnych funkcji i rozmieszczeń punktów, przybliżenie wielomianowe zaczyna się dramatycznie pogarszać. To zjawisko, po raz pierwszy opisane przez Carla Rungego pod koniec XIX wieku, do dziś stanowi istotny punkt odniesienia w analizie numerycznej.
W wystąpieniu przybliżę istotę wielomianów Czebyszewa, jako rozwiązanie tego problemu, przestawiając je zarówno teoretyczne i wizualnie. Celem prezentacji jest pokazanie, że matematyka nie tylko opisuje świat, ale potrafi również skutecznie korygować nasze błędne wyobrażenia o tym, jak „powinno być”."
34,Matematyczne ciekawostki bez fizycznego znaczenia,Mikołaj Dettlaff,S,"W historii fizyki wielokrotnie zdarzało się, że równania matematyczne prowadziły do przewidywań uznawanych początkowo za kuriozalne lub wręcz bezsensowne. Z biegiem czasu okazywało się jednak, że te „matematyczne ciekawostki bez fizycznego znaczenia” opisują rzeczywiste zjawiska w przyrodzie. Moje wystąpienie będzie popularnonaukowym przeglądem kilku klasycznych przykładów, w których czysta matematyka wyprzedziła eksperyment. Co ciekawe, taka sytuacja zdarzała się w wielu różnych dziedzinach fizyki, kompletnie od siebie niezależnych. Od teorii względności, czarnych dziur i fal grawitacyjnych, przez antymaterię i tunelowanie kwantowe, aż po bozon Higgsa. Każdy z tych przypadków pokazuje, że matematyczna struktura teorii fizycznych nie jest jedynie narzędziem obliczeniowym, lecz źródłem autentycznych odkryć o naturze naszego świata. Moja prezentacja ma na celu podkreślenie roli matematycznego formalizmu i rygoru w procesie fizycznego poznania oraz ukazanie, jak „dziwne” rozwiązania równań potrafią ujawniać głęboko ukrytą rzeczywistość."
81,Tęczowe sześciokąty i grupy permutacji,Jagna Olszewska,T,"Jednym z fundamentalnych przykładów grup są grupy permutacji $S_n$ dla $n\ge 3$. W tej rodzinie szczególnie wyróżnia się grupa $S_6$, gdyż jako jedyna posiada automorfizm zewnętrzny, czyli taki który nie jest postaci $x\mapsto gxg^{-1}$ dla pewnego $g\in S_6$. Okazuje się, że automorfizmy zewnętrzne $S_6$ można skonstruować geometrycznie przy pomocy pewnego pokolorowania sześciokątów. W czasie wykładu postaram się przestawić tę  konstrukcję, a także związki z innymi obiektami matematycznymi oraz z pewną zabawką dla psa."
64,Jak proste twierdzenie z analizy pomogło rozwiązać problem milenijny - Różne postacie twierdzenia o funkcji odwrotnej,Stanisław Dombrowski,T,"Dobrze znane jest twierdzenie o funkcji odwrotnej, często wykładane na pierwszych semestrach analizy matematycznej. Jest ono zazwyczaj formułowane jako twierdzenie dotyczące funkcji $f: \mathbb{R}^n \to \mathbb{R}^n$. W trakcie referatu przyjrzymy się w jaki sposób to twierdzenie może zostać uogólnione, najpierw do przestrzeni Banacha, a następnie do przestrzeni Frecheta, zgodnie z formulacją Richarda Hamiltona z 1982 roku. Wprowadzimy potrzebne definicje oraz przyjrzymy się faktowi, że twierdzenie to sformułowane na przestrzeniach Frecheta, jest równoważne uogólnieniu twierdzenia Nasha o zanurzaniu, ważnemu twierdzeniu z teorii rozmaitości Riemannowskich. Zobaczymy w jaki sposób to zaskakujące powiązanie miało wpływ na późniejsze prace Hamiltona oraz Grigoriego Perelmana, co pozwoliło między innymi udowodnić hipotezę Poincare."
36,Słów kilka o twierdzeniu Taniyamy-Shimury-Weila oraz krzywych eliptycznych.,Mateusz Rajzer,T,"Twierdzenie Taniyamy-Shimury-Weila (TSW) stanowi jedno z najważniejszych osiągnięć matematyki XX wieku, łącząc teorię krzywych eliptycznych z formami modularnymi. Jego udowodnienie przez Andrew Wilesa w 1994 roku miało fundamentalne konsekwencje - w szczególności, w połączeniu z twierdzeniem Ribeta, doprowadziło do rozwiązania Wielkiego Twierdzenia Fermata.
W referacie przedstawiona zostanie intuicja stojąca za TSW. Rozpoczniemy od omówienia podstaw teorii krzywych eliptycznych i ich struktury, a następnie przejdziemy do form modularnych. Pokażemy, że kluczową rolę w powiązaniu tych dwóch dziedzin odgrywają ich funkcje $L$; to właśnie modularność tych funkcji stanowi sedno TSW.
W dalszej części naszkicujemy główne narzędzia używane w dowodzie, takie jak reprezentacje Galois oraz deformacje modularne. Referat zostanie wzbogacony o wybrane ilustracje i przykłady geometryczne, które pomogą lepiej zrozumieć omawiane idee, czyniąc prezentację zarówno precyzyjną, jak i przystępną."
23,Gry karciane set - problem cap set w klasycznym secie,Dominik Gąska,T,"W referacie przedstawię zasady gry set i podam jej matematyczną interpretację. Pokażę kilka prostych faktów na jej temat i zajmę się problemem cap set (problem szukania zbioru punktów w którym nie ma punktów tworzących prostą w Z_3^4) w wymiarach 2, 3 i 4. Krótko omówię problem cap set w wyższych wymiarach. Powiem czym jest gra ""typu"" set i opowiem o systemach trójkowych Steinera i rzutowym secie."
49,"Algorytm Buchbergera, czyli geometria algebraiczna na palcach",Bartosz Bogulas,T,"Podstawowym obiektem badań w geometrii algebraicznej są rozmaitości algebraiczne, czyli zbiory układów równań wielomianowych. W przeciwieństwie do układów liniowych, wielomianowe układy równań wielu zmiennych nie poddają się prostym metodom eliminacji ani rachunkowi macierzowemu. Z pomocą przychodzą bazy Gröbnera, które przekształcają zbiór generujący ideał wielomianów w postać kanoniczną, z której eliminacja zmiennych, rozwiązywanie układów oraz badanie własności strukturalnych staje się przejrzyste.

W refereacie, poprzez konkretne przykłady, przedstawimy algorytm dzielenia z resztą w $k[x_1, \dots , x_n]$ oraz algorytm Buchbergera, który w konstruktywny sposób pozwala nam wyznaczyć bazę Gröbnera."
7,Prosto do zderzenia - wykrywanie kolizji i ray tracing,Mikołaj Mijakowski,S,"Problem wykrywania kolizji znany jest każdemu z życia codziennego, jednak gdy próbujemy go wyjaśnić komputerowi dzieje się coś bardzo dziwnego. Problem robi się skomplikowany. Ale nie obliczeniowo, to zazwyczaj nie jest takie trudne, kłopotliwa jest sama ilość tych, wydawałoby się, dość prostych obliczeń.

W trakcie prezentacji przedstawię krótki wstęp teoretyczny do problemu wykrywania kolizji pomiędzy siatkami trójkątowymi i przedstawię nowe pomysły, jak można wykorzystać rdzenie sprzętowego śledzenia promieni do testowania kolizji."
43,Między wierszami - jak model LDA ujawnia prawdziwą tematykę w erze nadmiaru tekstu,Wiktor Waksmundzki,S,"W dobie nadmiaru informacji i łatwości publikacji treści efektywne określenie
głównej tematyki dużych zbiorów tekstowych staje się wyzwaniem. W takim
przypadku tradycyjna analiza jest czasochłonna i nieefektywna. Odpowiedzią na
to wyzwanie są nowoczesne metody analizy tekstu, w tym model ukrytej alokacji
Dirichleta (LDA – Latent Dirichlet Allocation), który pozwala na identyfikację
ukrytych tematów na podstawie rozkładów prawdopodobieństwa współwystę-
powania słów. Dzięki wykorzystaniu języków programowania takich jak Python
czy R możliwe jest zautomatyzowanie tego procesu i przeprowadzenie analizy
nawet na bardzo dużych zbiorach danych. W referacie przedstawiono ogólne
założenia modelu LDA, jego implementację oraz przykładowe wyniki analizy
tematycznej przeprowadzonej na wybranym korpusie tekstów. Uzyskane wyniki potwierdzają przydatność tego podejścia w eksploracji danych tekstowych
i identyfikacji dominujących tematów badawczych."
45,Algorytmiczna analiza układów dynamicznych przy skończonej rozdzielczości.,Wojciech Jaworek,S,"Analiza nieliniowych układów dynamicznych jest często trudna, szczególnie dla wysokowymiarowych układów oraz takich, które są chaotyczne.
W referacie przedstawiamy metodę analizy dynamiki układu zadanego przez ciągłe odwzorowanie $f\colon X\ni x_t\mapsto x_{t+1} \in X$ polegającą na dyskretyzacji przestrzeni fazowej na skończony zbiór $n$-kostek, $\mathcal{X}$. Dzięki takiemu podziałowi możemy skonstruować wielowartościowe odwzorowanie $\mathcal{F}\colon \mathcal{X}\multimap \mathcal{X}$, które interpretujemy jako ważony graf skierowany, opisujący odwzorowanie kostek w siebie nawzajem. Taka reprezentacja układu pozwala na użycie efektywnych algorytmów grafowych np. w celu poszukiwania punktów stałych, orbit okresowych lub określenia czy układ jest topologicznie tranzytywny przy ustalonej skończonej rozdzielczości [1,2]. Dla układów, w których występuje zjawisko wędrówki chaotycznej [3], gdzie trajektorie przejawiają złożoną dynamikę łączącą chaos z momentami uporządkowanego ruchu w pobliżu quasi-atraktorów, proponujemy metodę filtracji grafu $\mathcal{F_\tau}$ pozwalającą na odseparowanie interesujących nas obszarów od chaotycznych przejść. Nadawanie wag krawędziom grafu $\mathcal{F_\tau}$ pozwala także na wykorzystanie metod statystycznych, takich jak wyznaczenie rozkładu stacjonarnego powstałego łańcucha Markowa oraz śledzenie przejść pomiędzy quasi-atraktorami w sposób ilościowy.  Pokażemy wyniki zastosowania powyższych metod do analizy dwóch typów układów dynamicznych: klasycznego odwzorowania Henona, w którym obserwuje się dynamikę chaotyczną, oraz układu sprzężonych odwzorowań jednowymiarowych, w którym zaobserwować można zjawisko wędrówki chaotycznej.


[1] Arai, Z., Kalies, W., Kokubu, H., Mischaikow, K., Oka, H. & Pilarczyk, P. (2009). A Database Schema for the Analysis of Global Dynamics of Multiparameter Systems. *SIAM Journal on Applied Dynamical Systems*, **8**(3), 757–789.

[2] Luzzatto, S. & Pilarczyk, P. (2011). Finite resolution dynamics. *Foundations of Computational Mathematics*, **11**(2), 211–239. 

[3] Kaneko, K. & Tsuda, I. (2003). Chaotic itinerancy. *Chaos*, **13**(3), 926–936."
39,Matematyka Żonglowania,Kacper Błachut,T,"Przedstawimy teorię matematyczną opisującą żonglowanie. Pokażemy często używane notacje opisujące procesy związane z tą dziedziną. Wyprowadzimy wzór na ilość unikalnych sposobów żonglowania. Udowodnimy kilka prostych twierdzeń związanych z kuglarstwem. Zdefiniujemy żonglowania pierwsze i pokażemy kilka ich własności. Odnotujemy powiązanie żonglowania z innymi działami matematyki, m. in. teorią grafów i teorią warkoczy. Wszystkiemu będą towarzyszyć demonstracje żonglowania na żywo."
51,Matematyka w kryptografii. Od liczb pierwszych do RSA,Dominika Baran,P,"Plakat przedstawia rolę matematyki w kryptografii na przykładzie algorytmu RSA, opartego na teorii liczb i algebrze modularnej. Omówiono znaczenie liczb pierwszych dla bezpieczeństwa szyfrowania oraz zasadę działania RSA — od generowania kluczy po proces szyfrowania i odszyfrowywania. Zaprezentowano także praktyczne zastosowania RSA w certyfikatach cyfrowych, podpisach elektronicznych i technologii blockchain. Celem plakatu jest ukazanie, że abstrakcyjne pojęcia matematyczne mają kluczowe znaczenie dla bezpieczeństwa współczesnych systemów informatycznych, łącząc teorię z praktyką w ochronie danych."
8,Wycena opcji finansowych z wykorzystaniem metody Monte Carlo,Paweł Lotko,S,"Problem wyceny opcji finansowych jako instrumentu pochodnego jest zadaniem bardzo złożonym, w praktyce stosuje się szereg metod numerycznych i statystycznych w celu przybliżenia ich rzeczywistej wartości. Najbardziej elastyczną pod względem jej stosowania jest metoda Monte Carlo, której skuteczność przy wycenie opcji europejskich jest powszechnie znana, jednak w przypadku opcji amerykańskich nadal stanowi problem otwarty. W swoim referacie z matematycznego punktu widzenia przedstawię opcje europejskie i amerykańskie oraz omówię istotę problemu wyceny opcji amerykańskich z wykorzystaniem wspomnianej metody. Na koniec prezentacji podam również ważniejsze wyniki i propozycje rozwiązań tego problemu."
37,Znaczenie pojęcia styczności w twierdzeniach o istnieniu miejsc zerowych,Karolina Fisiak,T,"Nie trzeba nikogo przekonywać o istotności twierdzeń orzekających o istnieniu miejsc zerowych odwzorowań ciągłych. W moim referacie postaram się Was przekonać o tym, że pojęcie styczności odgrywa w tego typu twierdzeniach bardzo istotną rolę. Okazuje się bowiem, że dzięki niemu można na wiele z twierdzeń o istnieniu zer spojrzeć z zupełnie nowej perspektywy! Na referacie zdefiniuję, czym jest stożek styczny do zbioru, żeby później, korzystając z twierdzenia Browdera opowiedzieć o kilku twierdzeniach o istnieniu miejsc zerowych (m.in. tw. Poincaré-Mirandy i tw. Vrahatisa), w których styczność się kryje, choć nie zawsze widać ją na pierwszy rzut oka."
66,"Czy kwadrat ""jednostki urojonej"" zawsze wynosi -1?",Michał Stadnik,T,"Wychodząc od tytułowego pytania, w referacie omówię, co stanie się, gdy odejdziemy od kanonicznej definicji liczb zespolonych. Skupię się na trzech rozszerzeniach liczb rzeczywistych: klasycznych liczbach zespolonych oraz mniej znanych liczbach dualnych i hiperbolicznych, przy okazji wprowadzając pojęcie algebry nad ciałem. Każdy z tych systemów opiera się na innej definicji „jednostki urojonej”, której kwadrat wynosi odpowiednio -1, 0 oraz 1. Każda z tych algebr prowadzi do innej geometrii płaszczyzny, co uwidacznia się np. w kształcie okręgu jednostkowego. Następnie przejdę do omówienia liczb dualnych oraz hiperbolicznych i ich wykorzystania odpowiednio: w różniczkowaniu automatycznym oraz w transformacji Lorentza. Całość pozwoli spojrzeć na ""jednostkę urojoną"" nie jako na zwykłą stałą, a jako element definiujący strukturę i własności całej płaszczyzny."
75,Dlaczego norma nie potrafi przestać być ciągła? — od przestrzeni Banacha po egzotyczne przykłady,Agnieszka Marszk,T,"W plakacie omówione zostanie pojęcie ciągłości normy w przestrzeniach
wektorowych unormowanych. Zaczniemy od klasycznego dowodu ciągłości
normy, pokazującego, że każda norma jest funkcją Lipschitzowską ze
stałą 1. Następnie przeniesiemy uwagę na przykłady nietypowych i
„egzotycznych” norm – od standardowych norm do zniekształconych norm, a także w przestrzenie nieskończenie wymiarowe, gdzie intuicja geometryczna często zawodzi. W
drugiej części spróbujemy „zepsuć” normę, łamiąc jej aksjomaty, by
zobaczyć, jak i kiedy ciągłość zanika.

Celem plakatu jest pokazanie, że ciągłość normy nie jest przypadkowa
– wynika z jej geometrycznej natury i ścisłego związku między strukturą
liniową a metryczną przestrzeni. W plakacie znajdą się przykłady
geometryczne oraz wizualne kul jednostkowych dla różnych norm."
61,Grupy wolne,Zuzanna Żurek,P,"Tematyką plakatu jest pojęcie grupy wolnej - jednej z najbardziej podstawowych i uniwersalnych struktur algebraicznych, znajdującej zastosowanie m.in. w paradoksalnym rozkładzie kuli czy lingwistyce.
Grupa wolna F(X) generowana przez dany zbiór X zawiera nieredukowalne iloczyny złożone z elementów zbioru X oraz ich odwrotności.
Na plakacie zaprezentowane zostaną przykłady oraz kilka ciekawych własności tych grup, m.in. izomorficzność F({x}) ze zbiorem liczb całkowitych, paradoksalność grupy F({x,y}) czy własność uniwersalności orzekająca, że dowolna grupa jest homomorficznym obrazem pewnej grupy wolnej."
9,"Sterty, czyli grupy, w których nie został wybrany element neutralny",Sara KopczyÅska,T,"Sterta jest pewnym uogólnieniem pojęcia grupy - zamiast standardowego działania dwuargumentowego spełniającego trzy aksjomaty (łączności oraz istnienia elementów odwrotnych i neutralnego), w stercie definiujemy działanie trójargumentowe spełniające dwa aksjomaty (łączności i identyczności Mal'cev'a). Okazuje się, że istnieje wzajemna jednoznaczność pomiędzy stertami a grupami - na każdej stercie można zdefiniować grupę oraz na każdej grupie można skonstruować stertę za pomocą działania danej grupy. Sterty pozwalają na zdefiniowanie przestrzeni afinicznych w sposób niezależny od wyboru przestrzeni liniowej oraz stanowią podstawę konstrukcji wiązarów - struktury algebraicznej będącej wspólnym uogólnieniem pierścieni i klamerek. Na referacie przedstawię definicję stert oraz opowiem o ich wyżej wymienionych własnościach ."
74,Hipoteza Continuum: zabij i wskrześ,Michał Przyborowski,P,"W roku 1963 Paul Cohen wykazał, że nie da się udowodnić hipotezy Continuum na gruncie aksjomatów ZFC. Dokonał tego, wprowadzając nową technikę zwaną wymuszaniem (forcing), którą przedstawię na plakacie i w ten sposób ""zabiję"" hipotezę Continuum w jednym modelu. Następnie użyjemy tej samej techniki aby ją ""wskrzesić"" w innym modelu, dzięki czemu pokażemy, że jest ona niezależna od aksjomatów ZFC."
72,Wykrywanie deepfake’ów przy użyciu metryk anomalii w przestrzeni cech sieci CNN,Zuzanna Kowalczyk,P,"Plakat przedstawia problem detekcji zmanipulowanych obrazów z wykorzystaniem metryk geometrycznych w przestrzeni cech generowanej przez sieci konwolucyjne.
Każdy obraz reprezentowany jest przez wektor cech opisujący jego strukturę wizualną, który następnie jest porównywany z rozkładem cech typowych dla obrazów prawdziwych. Pozwala to określić stopień odchylenia danej próbki od oczekiwanego rozkładu.
Proponowane podejście ilustruje wykrywanie manipulacji wizualnych bez odwoływania się do konkretnej architektury sieci czy konkretnego zbioru danych."
70,Iloraz homofoniczny,Zuzanna Żurek,P,"Tematem plakatu jest zastosowanie grup wolnych generowanych przez litery alfabetu łacińskiego oraz relacji wynikających z homofonii w różnych językach. 
Na plakacie zawarte będzie twierdzenie mówiące, że ilorazy homofoniczne języka francuskiego i angielskiego są trywialne, co oznacza że wszystkie słowa można sprowadzić do elementu neutralnego. Znajdą się również przykłady języków, gdzie takie ilorazy mogą być nietrywialne."
48,Porządek w chaosie,Magdalena Kwiatkowska,T,"Dzielące się przez jeden i samą siebie liczby skrywają w sobie wiele tajemnic, które od stuleci fascynują matematyków. Choć ich rozmieszczenie wydaje się chaotyczne, w tym pozornym nieładzie można dostrzec zaskakujące wzory i regularności.

W referacie Porządek w chaosie spróbujemy uchwycić te ukryte zależności. Zaczniemy od słynnego wzoru Eulera $n^2 + n + 41$, który przez długi czas generuje wyłącznie liczby pierwsze — aż do momentu, gdy porządek ustępuje chaosowi. Następnie przejdziemy do ich geometrycznego rozmieszczenia na spirali Ulama, gdzie symetria i przypadek spotykają się w jednym obrazie.

Poznamy także podstawowe twierdzenia Czebyszewa, Dirichleta i Gaussa, które opisują gęstość i rozkład liczb pierwszych, a także funkcje — Möbiusa, Mertensa i Mangoldta — pozwalające spojrzeć na ich strukturę w nowy sposób.

Wszystko to prowadzi do pytania, które pozostaje otwarte: czy wśród nieskończonego zbioru liczb pierwszych naprawdę panuje chaos, czy raczej ukryty porządek, który dopiero zaczynamy rozumieć?"
11,"Modele (suma, długość) stochastycznych epizodów z komponentami czasowymi",Maciej Ostapiuk,S,"W prelekcji przedstawiony zostanie formalny opis oraz analiza epizodów przekroczeń poziomu krytycznego w procesach stochastycznych. Dla danego procesu $X(s,t)$ zdefiniowana zostanie funkcja długości epizodu $D(s,t)$, mierząca czas trwania ciągłego okresu, w którym $X$ przekracza ustalony próg $c$, w danej lokalizacji $s$ oraz odpowiadającą jej skumulowaną miarę intensywności epizodu $S(s,t)$, określoną jako suma wartości procesu w obrębie tego przedziału. Taka konstrukcja pozwala na naturalne rozdzielenie lokalnej dynamiki procesu na segmenty aktywności (epizody) i spoczynku, co umożliwia analizę struktury klasteryzacji przekroczeń, czasów przebywania powyżej progu oraz rozkładów skumulowanych efektów ekstremalnych.

W prezentacji wyjaśniona zostanie zarówno interpretacja teoretyczna (w kontekście miar zajętości i trajektorii procesów), jak i podejście numeryczne do estymacji $D(s,t)$ i $S(s,t)$ przy wybranych postaciach procesów bazowych $X(s,t)$ - w tym procesu Ornsteina–Uhlenbecka czy też ułamkowej jego wersji."
77,"Lokalne konflikty, globalny porządek: Lemat Lovásza o unikaniu",Kamila Nalberska,P,"Przedstawione zostaje ogólne ujęcie lematu Lovásza o unikaniu jako narzędzia do wykazywania istnienia konfiguracji pozbawionych lokalnych przeszkód.  Podkreśla się, że rzadkość zdarzeń niepożądanych oraz ich ograniczone powiązania wystarczają do uzyskania globalnego porządku.  Zarysowane zostają dwie perspektywy:  
jednolita (wszystkie zdarzenia porównywalne),  
zróżnicowana (różne wagi i częstości).

Wraz z krótką wskazówką, jak konstruować graf zależności odzwierciedlający rzeczywiste interakcje."
76,Funkcja osobliwa Cantora a konieczność absolutnej ciągłości w Twierdzeniu Radona-Nikodyma,Patryk Osika,P,"Kiedy myślimy o mierze osobliwej względem miary Lebesgue’a, pierwsze co przychodzi do głowy to zazwyczaj miara dyskretna - skupiająca miarę w przeliczalnej ilości punktów.

Mój plakat skupia się na o wiele bardziej subtelnym i intrygującym przypadku: mierze, która jest jednocześnie ciągła (nie posiada atomów), a mimo to w całości osobliwa.

Kluczem do zrozumienia tego paradoksu jest funkcja Cantora, znana też jako „Diabelskie Schody”, która generuje właśnie taką miarę.

Na plakacie prześledzimy krok po kroku jej klasyczną konstrukcję. Następnie zbadamy, dlaczego – mimo że jest to funkcja ciągła – nie jest ona absolutnie ciągła. To kluczowe rozróżnienie.

W finale, ten brak absolutnej ciągłości posłuży nam jako doskonały kontrprzykład. Pokażemy na nim, dlaczego warunek absolutnej ciągłości miar w Twierdzeniu Radona-Nikodyma nie jest tylko technicznym detalem, ale fundamentalną koniecznością dla istnienia gęstości."
21,Teoria bifurkacji w równaniach nieliniowych. Twierdzenie Crandalla-Rabinowitza i nie tylko.,Mateusz Woroch,T,"\begin{document}

Teoria bifurkacji w równaniach nieliniowych. \\
Twierdzenie Crandalla-Rabinowitza i nie tylko.

Mateusz Woroch
Politechnika Gdańska, 
Naukowe Koło Matematyki Studentów Politechniki Gdańskiej 

Teoria bifurkacji jest fundamentalnym narzędziem w analizie nieliniowych równań postaci $F(x,\lambda) = 0$, gdzie $\lambda$ jest parametrem. Służy ona do znajdowania nietrywialnych rozwiązań, które pojawiają się w wyniku zmiany parametru, co można interpretować jako rozgałęzianie się rozwiązań przy krytycznych wartościach $\lambda$. Dwaj matematycy, Michael G. Crandall i Paul H. Rabinowitz, przedstawili warunek dostateczny na to, aby dane rozwiązanie było punktem bifurkacji. Niniejszy referat ma na celu wprowadzenie w zagadnienia bifurkacji poprzez podanie niezbędnych definicji i formalne sformułowanie problemu bifurkacji. Następnie, omówione zostanie Twierdzenie Crandalla-Rabinowitza. Przedstawimy dodatkowo warunek konieczny dla punktu bifurkacji oraz przykłady.

\end{document}"
83,Rola wypukłości w uczeniu maszynowym,Krzysztof Olszewski,P,"Niniejszy plakat bada zasadniczą rolę wypukłości w klasycznych algorytmach uczenia maszynowego (ML). Wiele tradycyjnych metod opiera się na minimalizacji wypukłych funkcji straty – wyborze motywowanym gwarancjami optymalizacyjnymi, jakie zapewniają te struktury matematyczne.
Rozpoczniemy od formalnego wprowadzenia definicji zbiorów i funkcji wypukłych, a także kluczowych twierdzeń je charakteryzujących. Następnie demonstrujemy fundamentalną własność wypukłości: każde minimum lokalne jest również minimum globalnym, co ma kluczowe znaczenie dla wiarygodności optymalizacji. W oparciu o tę własność analizowana jest zbieżność algorytmu Zejścia po Gradiencie.
W dalszej części podajemy i dowodzimy wypukłości klasycznych funkcji straty, takich jak strata kwadratowa i logistyczna, wyjaśniając, dlaczego umożliwiają one skuteczne i efektywne szkolenie modeli (np. regresji liniowej i logistycznej). Na koniec, dyskusja rozszerza się o brak wypukłości w bardziej zaawansowanych modelach ML, w szczególności w głębokich sieciach neuronowych, oraz omawia wynikające z tego wyzwania optymalizacyjne, takie jak problem minimów lokalnych i punktów siodłowych."
53,Mapy chaotyczne w dyskretnych modelach dynamicznych i ich zastosowania w kodowaniu obrazów,Veronika Rykoic,S,"Mapy chaotyczne opisują nieliniowe układy dynamiczne, w których niewielka zmiana warunków początkowych prowadzi do całkowicie odmiennego przebiegu trajektorii. Zjawisko to, znane jako efekt motyla, może być wykorzystane w procesach szyfrowania danych. Plakat prezentuje mapy logistyczną, namiotową i Hénona oraz ich zastosowanie w kodowaniu obrazów. Przedstawiono metody oparte na permutacji i dyfuzji pikseli, które pozwalają uzyskać wysoki poziom losowości i bezpieczeństwa. Celem pracy jest pokazanie potencjału prostych modeli matematycznych w tworzeniu skutecznych metod ochrony informacji wizualnych."
67,Eksperymentalne wykorzystanie topologicznych metod dla wyznaczenia własności kwadratów łacińskich,Serhii Kuzminov,S,"Kwadraty łacińskie stanowią ważny obiekt badań w kombinatoryce i teorii struktur algebraicznych. Jedną z kluczowych własności kwadratów łacińskich jest wzajemna ortogonalność kilku kwadratów. Choć jest to własność niezwykle łatwa do opisania, wyznaczenie zbioru wzajemnie ortogonalnych kwadratów łacińskich jest bardzo trudne. Trudne na tyle, że do tej pory nie wiemy, czy istnieją choćby trzy, wzajemnie ortogonalne kwadraty łacińskie 10x10.

Zrozumienie jakie własności zbioru kwadratów decydują o ich wzajemnej ortogonalności lub jej braku zdaje się więc być kluczowe w tym problemie. Celem mojej prezentacji jest przedstawienie eksperymentalnego zastosowania metod topologicznych, w szczególności grup homologii oraz homologii persystentnych, do analizy związku między strukturą zbioru kwadratów łacińskich a ich wzajemną ortogonalnością.

W trakcie wystąpienia omówię same kwadraty łacińskie i homologie persystente, przedstawię jak z kwadratu zbudować kompleks symplicjalny oraz jakie, eksperymentalne wyniki udało mi się do tej pory uzyskać. Choć zastosowane do tej pory metody nie dają statystycznie istotnych wyników, sam proces konstrukcji jest według mnie niezwykle ciekawy, a nietypowe podejście daje nadzieję na sukcesy w przyszłości."
50,Nieoczekiwane skutki stosowania algorytmów gradientowych,Dominik Jur,S,"## ***Nieoczekiwane skutki stosowania algorytmów gradientowych***

Prezentacja omawia **ukrytą regularyzację** – zjawisko, w którym algorytmy optymalizacyjne, bez jawnego członu regularyzującego, preferują pewne rozwiązania, które lepiej generalizują.
Te zjawiska zostaną wyprowadzone za pomocą **analizy wstecznej błędu**.

 * **W Gradient Descent**, dyskretyzacja kroku (skończony rozmiar $\eta$) jest równoważna dodaniu członu karzącego duże **normy gradientu**. Algorytm unika stromych regionów, co wyjaśnia lepszą generalizację przy większych krokach.
 * **W Stochastic Gradient Descent**, pojawia się dodatkowy człon regularyzujący, proporcjonalny do **wariancji gradientów partii**. SGD wybiera minima, w których dane są stabilne, co sprzyja lepszej generalizacji.


### Uwaga!!!
#### Wykład nie zakłada znajomości uczenia maszynowego.

------------

### Słowa klucz: 
* Uczenie Maszynowe
* Sieci Neuronowe
* Optymalizacja
* Statystyka
* Metody Numeryczne
* Równania Rózniczkowe"
52,Od Lindelöfa do Mengera – kombinatoryczne spojrzenie na własności pokryciowe,Aleksandra Łukasik,T,"Prezentacja poświęcona jest zagadnieniu kombinatorycznych charakteryzacji własności pokryciowych przestrzeni topologicznych, które stanowią ważny obszar badań w topologii ogólnej. Celem wystąpienia jest pokazanie, w jaki sposób własności topologiczne — takie jak np. własność Mengera czy Hurewicza— mogą być opisane przy użyciu narzędzi i idei pochodzących z kombinatoryki oraz teorii mnogości. Przedstawione zostaną podstawowe pojęcia dotyczące pokryć otwartych i własności pokryciowych oraz diagram przedstawiający powiązania pomiędzy nimi. W prezentacji pojawią się również krytyczne liczby kardynalne dla danych własności oraz ich definicje."
54,"Pełen farby, lecz niepomalowany - Róg Gabriela",Wiktor Smolak,P,"Róg Gabriela - figura o skończonej objętości, lecz o nieskończonym polu powierzchni. Jest wiele figur o podobnych własnościach, ale to właśnie róg Gabriela, zwany inaczej trąbką Torriciellego wyróżnia się spośród nich. Ze względu na właściwości związany jest z nim paradoks malarza, mówiący, że można wlać do bryły skończoną ilość farby, lecz jej ściany nie zostaną pomalowane. Oczywiście nie jest to paradoksem, co można matematycznie wykazać. Ukazany został także brat rogu Gabriela, możliwy do zjedzenia, lecz niemożliwy do polukrowania - tort weselny Gabriela, nieco bardziej dyskretny."
80,"Model wyborów, sondaży i podzielonego społeczeństwa",Jarowit Śledziński,S,"W Polsce, jak i w wielu innych demokracjach świata, obserwujemy wybory binarne, których wyniki kształtują się około 50% na 50%. Opowiem o modelu zainspirowanym modelem Isinga, który próbuje wyjaśnić to zjawisko. W owym modelu rozważamy sieć wyborców, którzy mogą przyjąć jedną z dwóch opinii. Wyborcy preferują opinię zgodną z sąsiadami i przeciwną do faworyta sondażów. Prowadzi to do stanu podzielonego społeczeństwa, który wydaje się zgodny z dynamiką sondaży i wynikami wyborów ze świata rzeczywistego - wyborcy są ułożeni w dwa przeciwnie głosujące obozy podobnej wielkości, z granicą ustaloną w miejscu z najmniejszą liczbą połączeń."
42,Grafy hamiltonowskie na szachownicy,Zuzanna Szeląg,T,"W referacie zacznę od przedstawienia problemu trasy skoczka, polegającego na znalezieniu ciągu ruchów skoczka odwiedzających każde pole szachownicy dokładnie raz. Jest to jedno z klasycznych zagadnień kombinatoryki i teorii grafów.

W dalszej części skupię się na jednym z najważniejszych wyników dotyczących tego problemu - **Twierdzeniu Schwenka**. Twierdzenie to w pełni charakteryzuje prostokątne szachownice *m x n*, na których możliwa jest zamknięta trasa skoczka, czyli **cykl Hamiltona** w grafie ruchów skoczka. Przedstawię zarówno treść twierdzenia, jak i jego ideę dowodu."
33,Cudze chwalicie swego nie znacie- speedrun problemów z księgi Szkockiej,Wacław Chromik,T,"Wiele z nas kojarzy księgę Szkocką w której lwowscy matematycy pisali problemy wymagające rozwiązania. Jednak ile z tych problemów jest nam faktycznie znane? Pokażę rozwiązania kilku z do tej pory rozwiązanych problemów i być może zainteresuję uczestników tymi nierozwiązanymi, których wciąż wiele można w księdze znaleźć."
32,Jak zmodelować cały mecz w piłce nożnej: od danych do symulacji,Bartłomiej Węgrzyn,S,"W referacie przedstawiono koncepcyjny i implementacyjny szkic systemu modelującego przebieg całego meczu piłki nożnej na podstawie danych z czterech najwyższych lig w Anglii. Projekt obejmuje pełny cykl prac analitycznych: przygotowanie i konsolidację danych (uzupełnianie braków, korekta błędów itp.), sformułowanie założeń, budowę i strojenie modeli, kalibrację oraz testy spójności, a także przygotowanie mechanizmu symulacyjnego i raportowania wyników. Rdzeniem rozwiązania jest dwupoziomowy model siły ofensywnej i defensywnej drużyn, oparty na jakości zawodników, wartości zespołu oraz bieżącej formie. Wartości tych sił zasilają zestaw wyspecjalizowanych modeli regresyjnych przewidujących kluczowe zdarzenia, takie jak gole, strzały, faule, kartki, posiadanie piłki czy xG. Wykorzystujemy kilka typów regresji, aby dostosować się do charakteru poszczególnych zmiennych oraz zbadać zastosowania rzadziej stosowanych technik. Symulacja ma charakter probabilistyczny: losujemy przebieg całego meczu, więc ten sam zestaw wejść może prowadzić do różnych rezultatów. Projekt prezentuje ogólną ramę, którą można rozwijać o dodatkowe źródła i warianty modeli."
62,Modelowanie i optymalizacja procesu ogrzewania pomieszczeń z wykorzystaniem równania przewodnictwa ciepła,Jan Żurek,S,"Ogrzewanie pomieszczeń jest procesem pochłaniającym znaczne ilości energii, dlatego optymalizacja sposobu jej wykorzystania ma kluczowe znaczenie dla efektywności energetycznej budynków, a w związku z tym budżetu mieszkańców.
W niniejszej prezentacji omówimy modelowanie ogrzewania jednopoziomowego domu za pomocą niejednorodnego modelu przewodnictwa cieplnego z mieszanymi warunkami brzegowymi. Zastanowimy się nad wpływem ustawienia grzejników w pomieszczeniu na końcowy rozkład temperatury (dlaczego grzejniki z reguły są pod oknem?) oraz spróbujemy omówić kilka strategii ogrzewania z wykorzystaniem mechanizmu termostatu. Prezentacja poza opisem modelu będzie się składała z bogatej serii eksperymentów numerycznych."
46,Matematyka chaosu - jak z prostych równań rodzi się nieprzewidywalność,Kinga Słysz,P,"Choć matematyka tradycyjnie utożsamiana jest z porządkiem i przewidywalnością, teoria chaosu ujawnia, że nawet najprostsze równania deterministyczne mogą prowadzić do złożonych, nieprzewidywalnych zachowań. Chaos deterministyczny nie wynika z przypadkowości, lecz z ekstremalnej wrażliwości na warunki początkowe - zjawiska, w którym minimalne różnice w danych wejściowych skutkują diametralnie odmiennymi wynikami. Na plakacie omówione zostaną klasyczne przykłady systemów chaotycznych, takich jak równanie logistyczne czy układ Lorenza, które ilustrują przejście od porządku do chaosu w prostych modelach matematycznych. Zagadnienie to pokazuje, że nieprzewidywalność może być nieodłączną cechą systemów deterministycznych, a matematyka chaosu dostarcza narzędzi do zrozumienia złożonych zjawisk w przyrodzie, fizyce, biologii i ekonomii."
20,Kiedy pętla to za mało: o różnicach między homotopią a homologią,Bartosz Michalak,P,"Homotopia i homologia to dwa podstawowe narzędzia topologii algebraicznej służące do badania struktury przestrzeni poprzez analizę jej „dziur”. Homotopia opisuje przestrzeń za pomocą klas odwzorowań sfer $𝑆^𝑛 → 𝑋$, uogólniając ideę pętli na wyższe wymiary. Pozwala to badać deformacje i własności przestrzeni w sposób geometryczny, jednak obliczanie grup homotopii dla $𝑛>1$ jest niezwykle trudne. Homologia stanowi alternatywne, bardziej algebraiczne podejście – zamiast śledzić konkretne przekształcenia, przelicza strukturę przestrzeni w kategoriach łańcuchów i granic, co czyni ją bardziej dostępną obliczeniowo. Obie teorie, mimo wspólnego celu, różnią się zakresem informacji, jakie dostarczają, i sposobem, w jaki uchwytują globalne cechy przestrzeni topologicznych."
68,Izomorfizm gładkich kwadryk na $\mathbb{P}^3$ z $\mathbb{P}^1 \times \mathbb{P}^1$.,Filip Zieliński,T,"Opis krzywych w wyżej wymiarowych przestrzeniach jest w geometrii algebraicznej problemem ważnym i nieoczywistym. 
Już od wymiaru 3 nie znamy odpowiedzi na wiele podstawowych pytań dotyczących niezdegenerowanych do płaszczyzny krzywych. 
Jednym z klasycznych narzędzi stosowanym do rozwiązywania takich problemów jest degeneracja krzywych do gładkiej kwadryki. Dzięki zanurzeniu Segre $ \mathbb{P}^1 \times \mathbb{P}^1 \rightarrow \mathbb{P}^3$, które pozwala utożsamiać iloczyn prostych rzutowych z gładkimi kwadrykami na $\mathbb{P}^3$, możemy sprowadzać skomplikowane zagadnienia do dobrze opisanej przestrzeni. Podczas referatu zaprezentuję podstawowe własności wielomianów bijednorodnych rozważanych na $\mathbb{P}^1 \times \mathbb{P}^1$, dowiodę ww. izomorfizmu i pokażę jakie ma zastosowanie w dowodach."
17,Spotykanie przez sprzęganie — dynamika Glaubera w teorii łańcuchów Markowa,Monika Lena Brattig,T,"Spotykanie przez sprzęganie — dynamika Glaubera w teorii łańcuchów Markowa

Wiele zjawisk, które obserwujemy w naturze i technologii — od ruchu cząstek po algorytmy komputerowe — ma w sobie element losowości. Jednym z najważniejszych narzędzi do ich opisu są łańcuchy Markowa, czyli modele, w których przyszłość zależy tylko od obecnego stanu, a nie od całej historii. W referacie opowiem o metodzie sprzęgania (couplingu) — eleganckim sposobie badania, jak takie losowe systemy z czasem „dochodziły” do równowagi.

Metoda ta pozwala badać zbieżność do rozkładu stacjonarnego, kontrolować czas mieszania oraz konstruować losowe próbki z rozkładu stacjonarnego bez potrzeby znajomości samego czasu zbieżności. Sprzęganie znajduje zastosowania nie tylko w czystej teorii prawdopodobieństwa, lecz także w fizyce statystycznej, teorii sieci i algorytmach symulacyjnych.

W pierwszej części przypomniane zostaną podstawowe pojęcia potrzebne do zdefiniowania sprzęgania dwóch (a później większej liczby) łańcuchów Markowa. Następnie omówione zostaną intuicje i zastosowania couplingu w prostych modelach.

W drugiej części przejdziemy do bardziej złożonej konstrukcji — Coupling from the Past (CFTP), techniki pozwalającej wygenerować próbkę z rozkładu stacjonarnego łańcucha Markowa, uruchamiając wiele sprzężonych trajektorii z przeszłości aż do momentu ich koalescencji. W tym kontekście zostanie szczegółowo przedstawiony model hardcore (dynamika Glaubera) — układ cząstek na grafie z lokalnym ograniczeniem zajętości."
84,Proces Wienera i Lemmat Itô: podstawy modelowania stochastycznego w finansach,Oleksandra Krykun,S,"Ten plakat przedstawia proces Wienera jako rygorystyczne matematyczne narzędzie do opisu losowości w czasie ciągłym w systemach finansowych. Podkreśla rolę lematu Itô jako rozszerzenia klasycznej reguły łańcuchowej na procesy losowe. Zawarty jest zwięzły zarys dowodu lematu, który ilustruje intuicję stojącą za jego sformułowaniem. Na koniec plakat omawia kluczowe zastosowania w finansach, w tym modelowanie dynamiki cen aktywów, wyprowadzenie geometrycznego ruchu Browna oraz podstawy współczesnej teorii wyceny opcji."
79,"Kolory, które nie dają spokoju – od płaskiej mapy do torusa",Oskar Janik,P,"Zaczęło się niewinnie. Zauważono, że każdą mapę można pokolorować tylko czterema kolorami, w taki sposób, że żadne dwa sąsiadujące kraje nie miały tej samej barwy. Brzmi prosto? Matematycy przez ponad sto lat starali się dowieść tej tezy. 
Chociaż przez długi czas wydawało się to nieosiągalne, a kolejne próby rozbijały się o błędy, jedna z nich przyniosła nieoczekiwany rezultat – twierdzenie o pięciu barwach. Dopiero wiele lat później, przy pomocy komputerów, zdołano potwierdzić, że cztery barwy rzeczywiście wystarczają. 
Co ciekawe, wcześniej rozwiązano już podobny problem dla torusa, mimo że jest to bardziej skomplikowana powierzchnia. 
Na plakacie opowiemy o tym, jak z prostego pytania o kolory powstała cała historia pełna błędów, pomysłów i zaskoczeń, a także pokażemy, jak wyglądają barwne mapy."
27,Analiza w przestrzeniach Banacha i geometryczna interpretacja norm,Oliwia Ciupińska,P,"Przestrzenie Banacha stanowią jedno z najważniejszych uogólnień geometrii euklidesowej. Każda norma nadaje przestrzeni własny kształt i sposób mierzenia odległości, a tym samym wpływa na to, jak rozumiemy zbieżność, ciągłość czy stabilność operatorów. Wystąpienie pokazuje, jak różne normy - euklidesowa, Manhattan, maksimum i ogólne normy p - tworzą odmienne geometrie, które można intuicyjnie zobaczyć poprzez kształt kuli jednostkowej.
Zamiast patrzeć na analizę funkcjonalną wyłącznie algebraicznie, proponuję podejście geometryczne, które ujawnia estetykę i strukturę przestrzeni Banacha. Taka perspektywa pozwala lepiej zrozumieć abstrakcyjne pojęcia i pokazuje, że matematyka to nie tylko rachunek, ale również forma myślenia o kształcie i przestrzeni."